61 2:14 ,Adultery 
40 5:27 ,Adultery 
18 24:15 ,Adultery 
20 2:16 ,Adultery 
59 4:4 ,Adultery 
58 13:4 ,Adultery 
48 5:21 ,Adultery 
48 5:20 ,Adultery 
48 5:19 ,Adultery 
46 7:39 ,Adultery 
46 7:16 ,Adultery 
46 7:15 ,Adultery 
46 7:14 ,Adultery 
46 7:11 ,Adultery 
46 7:13 ,Adultery 
46 7:12 ,Adultery 
46 7:10 ,Adultery 
46 6:9 ,Adultery 
45 7:3 ,Adultery 
45 7:2 ,Adultery 
45 7:1 ,Adultery 
42 16:18 ,Adultery 
41 10:11 ,Adultery 
41 10:12 ,Adultery 
41 10:10 ,Adultery 
41 10:9 ,Adultery 
41 10:8 ,Adultery 
41 10:7 ,Adultery 
41 10:6 ,Adultery 
41 10:5 ,Adultery 
41 10:4 ,Adultery 
41 10:3 ,Adultery 
41 10:2 ,Adultery 
41 7:21 ,Adultery 
41 6:19 ,Adultery 
41 6:18 ,Adultery 
41 6:17 ,Adultery 
40 19:10 ,Adultery 
40 19:9 ,Adultery 
40 19:8 ,Adultery 
40 19:7 ,Adultery 
40 19:6 ,Adultery 
40 19:5 ,Adultery 
40 19:4 ,Adultery 
40 19:3 ,Adultery 
40 15:19 ,Adultery 
40 5:31 ,Adultery 
40 5:28 ,Adultery 
40 5:32 ,Adultery 
39 2:14 ,Adultery 
39 2:15 ,Adultery 
39 2:16 ,Adultery 
21 5:6 ,Adultery 
21 5:5 ,Adultery 
21 5:4 ,Adultery 
20 7:25 ,Adultery 
20 7:27 ,Adultery 
20 7:26 ,Adultery 
20 7:12 ,Adultery 
20 7:11 ,Adultery 
20 7:10 ,Adultery 
20 6:32 ,Adultery 
20 6:31 ,Adultery 
20 6:30 ,Adultery 
20 6:29 ,Adultery 
20 6:28 ,Adultery 
20 6:27 ,Adultery 
20 6:26 ,Adultery 
20 6:25 ,Adultery 
20 6:24 ,Adultery 
20 5:20 ,Adultery 
20 5:19 ,Adultery 
20 5:18 ,Adultery 
20 2:17 ,Adultery 
5 22:22 ,Adultery 
3 20:10 ,Adultery 
3 18:20 ,Adultery 
2 20:14 ,Adultery 
23 51:16 ,Authority of the Bible 
60 1:12 ,Authority of the Bible 
60 1:11 ,Authority of the Bible 
58 1:2 ,Authority of the Bible 
58 1:1 ,Authority of the Bible 
40 24:35 ,Authority of the Bible 
23 40:8 ,Authority of the Bible 
19 119:152 ,Authority of the Bible 
45 4:16 ,Authority of the Bible 
42 21:33 ,Authority of the Bible 
40 5:17 ,Authority of the Bible 
40 5:18 ,Authority of the Bible 
27 9:12 ,Authority of the Bible 
26 12:25 ,Authority of the Bible 
19 111:7 ,Authority of the Bible 
19 93:5 ,Authority of the Bible 
11 8:56 ,Authority of the Bible 
66 1:1 ,Authority of the Bible 
44 28:25 ,Authority of the Bible 
44 1:16 ,Authority of the Bible 
26 1:3 ,Authority of the Bible 
24 36:2 ,Authority of the Bible 
24 36:1 ,Authority of the Bible 
61 3:16 ,Authority of the Bible 
61 3:15 ,Authority of the Bible 
61 3:2 ,Authority of the Bible 
61 1:21 ,Authority of the Bible 
61 1:20 ,Authority of the Bible 
61 1:19 ,Authority of the Bible 
61 1:18 ,Authority of the Bible 
61 1:17 ,Authority of the Bible 
61 1:16 ,Authority of the Bible 
61 1:15 ,Authority of the Bible 
60 1:25 ,Authority of the Bible 
55 3:15 ,Authority of the Bible 
55 3:16 ,Authority of the Bible 
53 2:15 ,Authority of the Bible 
46 15:8 ,Authority of the Bible 
46 15:7 ,Authority of the Bible 
46 15:6 ,Authority of the Bible 
46 15:5 ,Authority of the Bible 
46 15:4 ,Authority of the Bible 
46 15:3 ,Authority of the Bible 
46 15:2 ,Authority of the Bible 
46 15:1 ,Authority of the Bible 
46 14:37 ,Authority of the Bible 
44 2:42 ,Authority of the Bible 
43 17:17 ,Authority of the Bible 
42 1:4 ,Authority of the Bible 
42 1:3 ,Authority of the Bible 
42 1:2 ,Authority of the Bible 
42 1:1 ,Authority of the Bible 
23 8:20 ,Authority of the Bible 
20 30:6 ,Authority of the Bible 
20 30:5 ,Authority of the Bible 
20 13:13 ,Authority of the Bible 
19 19:7 ,Authority of the Bible 
5 12:32 ,Authority of the Bible 
5 4:2 ,Authority of the Bible 
43 1:27 ,Baptism 
43 1:25 ,Baptism 
43 1:26 ,Baptism 
41 1:4 ,Baptism 
40 28:19 ,Baptism 
46 12:13 ,Baptism 
45 6:4 ,Baptism 
42 7:30 ,Baptism 
44 19:5 ,Baptism 
44 19:4 ,Baptism 
44 10:48 ,Baptism 
60 3:21 ,Baptism 
44 16:15 ,Baptism 
44 8:38 ,Baptism 
44 8:37 ,Baptism 
60 3:20 ,Baptism 
58 6:2 ,Baptism 
56 3:5 ,Baptism 
51 2:12 ,Baptism 
49 4:5 ,Baptism 
48 3:27 ,Baptism 
46 10:2 ,Baptism 
45 6:3 ,Baptism 
44 22:16 ,Baptism 
44 19:3 ,Baptism 
44 18:8 ,Baptism 
44 16:31 ,Baptism 
44 16:14 ,Baptism 
44 10:47 ,Baptism 
44 9:18 ,Baptism 
44 8:36 ,Baptism 
44 8:12 ,Baptism 
44 2:38 ,Baptism 
44 2:41 ,Baptism 
43 3:23 ,Baptism 
43 3:5 ,Baptism 
42 7:29 ,Baptism 
42 3:21 ,Baptism 
42 3:16 ,Baptism 
42 3:12 ,Baptism 
41 16:16 ,Baptism 
41 1:8 ,Baptism 
40 3:13 ,Baptism 
40 3:11 ,Baptism 
40 3:6 ,Baptism 
23 35:3 ,Biblical Love 
40 28:19 ,Biblical Love 
62 4:15 ,Biblical Love 
62 4:14 ,Biblical Love 
62 4:13 ,Biblical Love 
62 4:16 ,Biblical Love 
54 6:11 ,Biblical Love 
51 3:12 ,Biblical Love 
51 3:13 ,Biblical Love 
51 1:8 ,Biblical Love 
49 4:16 ,Biblical Love 
49 3:19 ,Biblical Love 
49 3:18 ,Biblical Love 
49 3:17 ,Biblical Love 
48 5:23 ,Biblical Love 
48 5:22 ,Biblical Love 
48 5:6 ,Biblical Love 
46 13:13 ,Biblical Love 
46 13:12 ,Biblical Love 
46 13:11 ,Biblical Love 
46 13:10 ,Biblical Love 
46 13:9 ,Biblical Love 
46 13:8 ,Biblical Love 
46 13:7 ,Biblical Love 
46 13:6 ,Biblical Love 
46 13:5 ,Biblical Love 
46 13:4 ,Biblical Love 
46 13:3 ,Biblical Love 
46 13:2 ,Biblical Love 
58 6:10 ,Biblical Love 
19 116:1 ,Biblical Love 
19 84:2 ,Biblical Love 
19 73:25 ,Biblical Love 
19 42:1 ,Biblical Love 
19 18:1 ,Biblical Love 
19 31:23 ,Biblical Love 
6 22:5 ,Biblical Love 
5 6:5 ,Biblical Love 
44 21:13 ,Biblical Love 
43 21:16 ,Biblical Love 
43 20:11 ,Biblical Love 
43 12:3 ,Biblical Love 
43 11:16 ,Biblical Love 
42 7:47 ,Biblical Love 
60 1:8 ,Biblical Love 
57 1:5 ,Biblical Love 
55 1:13 ,Biblical Love 
49 6:24 ,Biblical Love 
43 16:27 ,Biblical Love 
43 14:24 ,Biblical Love 
43 14:23 ,Biblical Love 
43 14:22 ,Biblical Love 
43 14:16 ,Biblical Love 
62 3:16 ,Biblical Love 
49 5:2 ,Biblical Love 
48 2:20 ,Biblical Love 
47 5:15 ,Biblical Love 
47 5:14 ,Biblical Love 
43 13:1 ,Biblical Love 
55 1:16 ,Biblical Love 
55 1:17 ,Biblical Love 
50 4:1 ,Biblical Love 
50 1:8 ,Biblical Love 
47 12:15 ,Biblical Love 
45 16:4 ,Biblical Love 
44 20:38 ,Biblical Love 
9 18:3 ,Biblical Love 
62 4:12 ,Biblical Love 
62 4:11 ,Biblical Love 
62 4:10 ,Biblical Love 
62 4:9 ,Biblical Love 
62 4:8 ,Biblical Love 
62 4:7 ,Biblical Love 
60 1:22 ,Biblical Love 
59 2:8 ,Biblical Love 
58 13:3 ,Biblical Love 
58 13:2 ,Biblical Love 
58 13:1 ,Biblical Love 
52 3:12 ,Biblical Love 
45 13:9 ,Biblical Love 
45 12:9 ,Biblical Love 
43 15:13 ,Biblical Love 
43 15:12 ,Biblical Love 
43 15:11 ,Biblical Love 
5 10:19 ,Biblical Love 
62 4:17 ,Biblical Love 
62 4:18 ,Biblical Love 
62 4:19 ,Biblical Love 
62 4:21 ,Biblical Love 
62 4:20 ,Biblical Love 
62 2:11 ,Biblical Love 
62 2:10 ,Biblical Love 
60 4:8 ,Biblical Love 
52 4:9 ,Biblical Love 
50 1:9 ,Biblical Love 
48 5:15 ,Biblical Love 
48 5:14 ,Biblical Love 
48 5:13 ,Biblical Love 
46 13:1 ,Biblical Love 
20 10:12 ,Biblical Love 
47 8:8 ,Biblical Love 
45 13:10 ,Biblical Love 
45 5:8 ,Biblical Love 
43 15:9 ,Biblical Love 
43 14:15 ,Biblical Love 
43 13:34 ,Biblical Love 
43 13:35 ,Biblical Love 
42 6:27 ,Biblical Love 
41 12:31 ,Biblical Love 
41 12:30 ,Biblical Love 
40 22:40 ,Biblical Love 
40 22:39 ,Biblical Love 
40 22:38 ,Biblical Love 
40 22:37 ,Biblical Love 
40 19:19 ,Biblical Love 
40 10:37 ,Biblical Love 
40 5:44 ,Biblical Love 
40 5:43 ,Biblical Love 
63 1:6 ,Biblical Love 
62 5:3 ,Biblical Love 
62 2:5 ,Biblical Love 
51 3:14 ,Biblical Love 
43 15:10 ,Biblical Love 
43 14:21 ,Biblical Love 
48 3:10 ,Blessings & Curses 
59 3:9 ,Blessings & Curses 
59 3:8 ,Blessings & Curses 
59 3:10 ,Blessings & Curses 
21 10:20 ,Blessings & Curses 
19 119:21 ,Blessings & Curses 
19 3:8 ,Blessings & Curses 
20 10:22 ,Blessings & Curses 
1 12:3 ,Blessings & Curses 
66 22:3 ,Blessings & Curses 
48 1:9 ,Blessings & Curses 
48 1:8 ,Blessings & Curses 
5 11:28 ,Blessings & Curses 
5 11:27 ,Blessings & Curses 
5 11:26 ,Blessings & Curses 
39 2:2 ,Blessings & Curses 
20 28:20 ,Blessings & Curses 
20 10:6 ,Blessings & Curses 
48 3:13 ,Blessings & Curses 
45 12:14 ,Blessings & Curses 
42 6:28 ,Blessings & Curses 
20 26:2 ,Blessings & Curses 
20 3:33 ,Blessings & Curses 
4 23:8 ,Blessings & Curses 
1 24:65 ,Christian Clothing 
26 16:8 ,Christian Clothing 
66 3:18 ,Christian Clothing 
2 28:42 ,Christian Clothing 
66 1:13 ,Christian Clothing 
1 3:21 ,Christian Clothing 
60 3:3 ,Christian Clothing 
54 2:9 ,Christian Clothing 
41 5:15 ,Christian Clothing 
26 23:44 ,Christian Clothing 
26 23:43 ,Christian Clothing 
26 23:42 ,Christian Clothing 
26 23:41 ,Christian Clothing 
26 23:40 ,Christian Clothing 
26 18:16 ,Christian Clothing 
23 47:3 ,Christian Clothing 
23 47:2 ,Christian Clothing 
5 22:5 ,Christian Clothing 
55 2:7 ,Christian Offices 
55 2:6 ,Christian Offices 
55 2:5 ,Christian Offices 
55 2:4 ,Christian Offices 
55 2:3 ,Christian Offices 
55 2:2 ,Christian Offices 
55 2:1 ,Christian Offices 
46 14:29 ,Christian Offices 
44 11:29 ,Christian Offices 
44 11:28 ,Christian Offices 
44 11:27 ,Christian Offices 
58 13:17 ,Christian Offices 
59 5:14 ,Christian Offices 
44 15:2 ,Christian Offices 
44 11:30 ,Christian Offices 
50 1:1 ,Christian Offices 
44 6:3 ,Christian Offices 
56 1:9 ,Christian Offices 
56 1:8 ,Christian Offices 
56 1:7 ,Christian Offices 
56 1:6 ,Christian Offices 
54 5:18 ,Christian Offices 
54 3:10 ,Christian Offices 
54 3:9 ,Christian Offices 
54 3:8 ,Christian Offices 
54 3:7 ,Christian Offices 
54 3:5 ,Christian Offices 
54 3:4 ,Christian Offices 
54 3:3 ,Christian Offices 
54 3:2 ,Christian Offices 
49 3:5 ,Christian Offices 
46 12:28 ,Christian Offices 
49 4:12 ,Christian Offices 
44 16:4 ,Christian Offices 
54 5:17 ,Christian Offices 
54 5:19 ,Christian Offices 
60 5:1 ,Christian Offices 
56 1:5 ,Christian Offices 
55 1:11 ,Christian Offices 
54 3:1 ,Christian Offices 
49 4:11 ,Christian Offices 
46 11:25 ,Communion 
46 10:16 ,Communion 
46 11:34 ,Communion 
46 11:33 ,Communion 
46 11:32 ,Communion 
46 11:31 ,Communion 
46 11:30 ,Communion 
46 11:29 ,Communion 
46 11:28 ,Communion 
46 11:27 ,Communion 
46 11:26 ,Communion 
46 11:24 ,Communion 
46 11:23 ,Communion 
46 10:21 ,Communion 
44 20:7 ,Communion 
44 2:42 ,Communion 
43 6:58 ,Communion 
43 6:57 ,Communion 
43 6:56 ,Communion 
43 6:55 ,Communion 
43 6:54 ,Communion 
43 6:53 ,Communion 
42 22:20 ,Communion 
42 22:19 ,Communion 
42 22:18 ,Communion 
42 22:17 ,Communion 
42 22:16 ,Communion 
41 14:25 ,Communion 
41 14:24 ,Communion 
41 14:23 ,Communion 
41 14:22 ,Communion 
40 26:29 ,Communion 
40 26:28 ,Communion 
40 26:27 ,Communion 
40 26:26 ,Communion 
38 2:5 ,Conditional Security 
19 125:2 ,Conditional Security 
19 41:3 ,Conditional Security 
19 41:2 ,Conditional Security 
19 41:1 ,Conditional Security 
19 34:7 ,Conditional Security 
14 16:9 ,Conditional Security 
23 32:17 ,Conditional Security 
23 32:18 ,Conditional Security 
20 12:21 ,Conditional Security 
23 43:2 ,Conditional Security 
23 33:16 ,Conditional Security 
20 3:24 ,Conditional Security 
20 3:23 ,Conditional Security 
20 3:22 ,Conditional Security 
20 3:21 ,Conditional Security 
20 1:33 ,Conditional Security 
19 125:1 ,Conditional Security 
19 112:7 ,Conditional Security 
19 91:5 ,Conditional Security 
19 91:4 ,Conditional Security 
18 11:18 ,Conditional Security 
54 6:19 ,Conditional Security 
40 7:25 ,Conditional Security 
40 7:24 ,Conditional Security 
23 28:16 ,Conditional Security 
66 3:5 ,Conditional Security 
66 2:26 ,Conditional Security 
66 2:4 ,Conditional Security 
58 10:26 ,Conditional Security 
58 3:12 ,Conditional Security 
55 4:10 ,Conditional Security 
54 6:21 ,Conditional Security 
54 6:10 ,Conditional Security 
54 1:19 ,Conditional Security 
41 13:13 ,Conditional Security 
40 10:22 ,Conditional Security 
19 125:5 ,Conditional Security 
1 24:65 ,Dating 
48 5:16 ,Dating 
46 6:19 ,Dating 
46 6:18 ,Dating 
44 15:29 ,Dating 
58 13:4 ,Dating 
51 3:5 ,Dating 
49 5:3 ,Dating 
45 6:16 ,Dating 
45 1:24 ,Dating 
52 4:7 ,Dating 
52 4:6 ,Dating 
52 4:5 ,Dating 
52 4:4 ,Dating 
52 4:3 ,Dating 
20 5:20 ,Dating 
18 31:1 ,Dating 
5 20:7 ,Dating 
7 14:10 ,Dating 
7 14:9 ,Dating 
7 14:8 ,Dating 
7 14:7 ,Dating 
7 14:6 ,Dating 
7 14:5 ,Dating 
7 14:4 ,Dating 
7 14:3 ,Dating 
7 14:2 ,Dating 
7 14:1 ,Dating 
1 29:20 ,Dating 
1 29:19 ,Dating 
1 29:18 ,Dating 
1 29:17 ,Dating 
1 29:16 ,Dating 
1 29:15 ,Dating 
1 29:14 ,Dating 
1 29:13 ,Dating 
1 29:12 ,Dating 
1 29:11 ,Dating 
47 6:14 ,Dating 
1 24:6 ,Dating 
1 24:5 ,Dating 
1 24:4 ,Dating 
1 24:3 ,Dating 
40 19:6 ,Dating 
40 19:5 ,Dating 
55 2:22 ,Dating 
46 7:2 ,Dating 
46 7:34 ,Dating 
46 7:1 ,Dating 
40 5:28 ,Dating 
22 8:4 ,Dating 
22 3:5 ,Dating 
22 2:7 ,Dating 
40 6:26 ,Dietary Guidance 
40 6:25 ,Dietary Guidance 
19 145:16 ,Dietary Guidance 
19 145:15 ,Dietary Guidance 
19 136:25 ,Dietary Guidance 
19 104:15 ,Dietary Guidance 
19 104:14 ,Dietary Guidance 
18 36:31 ,Dietary Guidance 
1 9:4 ,Dietary Guidance 
1 9:3 ,Dietary Guidance 
1 1:29 ,Dietary Guidance 
42 12:23 ,Dietary Guidance 
42 12:22 ,Dietary Guidance 
20 25:27 ,Dietary Guidance 
20 23:2 ,Dietary Guidance 
20 23:1 ,Dietary Guidance 
19 141:4 ,Dietary Guidance 
42 7:33 ,Dietary Guidance 
42 7:34 ,Dietary Guidance 
42 7:22 ,Dietary Guidance 
51 2:16 ,Dietary Guidance 
46 8:8 ,Dietary Guidance 
46 8:13 ,Dietary Guidance 
54 6:17 ,Dietary Guidance 
54 4:6 ,Dietary Guidance 
54 4:5 ,Dietary Guidance 
54 4:4 ,Dietary Guidance 
54 4:3 ,Dietary Guidance 
54 4:2 ,Dietary Guidance 
54 4:1 ,Dietary Guidance 
51 2:23 ,Dietary Guidance 
51 2:22 ,Dietary Guidance 
51 2:21 ,Dietary Guidance 
51 2:20 ,Dietary Guidance 
46 10:33 ,Dietary Guidance 
46 10:32 ,Dietary Guidance 
46 10:31 ,Dietary Guidance 
46 10:30 ,Dietary Guidance 
46 10:29 ,Dietary Guidance 
46 10:28 ,Dietary Guidance 
46 10:27 ,Dietary Guidance 
46 10:26 ,Dietary Guidance 
46 10:25 ,Dietary Guidance 
46 10:24 ,Dietary Guidance 
46 10:23 ,Dietary Guidance 
42 10:8 ,Dietary Guidance 
42 10:7 ,Dietary Guidance 
40 15:11 ,Dietary Guidance 
43 15:3 ,Discipline 
43 15:2 ,Discipline 
24 10:24 ,Discipline 
20 3:12 ,Discipline 
19 94:15 ,Discipline 
19 94:14 ,Discipline 
19 94:13 ,Discipline 
19 94:12 ,Discipline 
18 33:19 ,Discipline 
66 2:3 ,Discipline 
48 6:9 ,Discipline 
47 4:16 ,Discipline 
47 4:1 ,Discipline 
19 94:3 ,Discipline 
19 90:13 ,Discipline 
19 89:50 ,Discipline 
19 89:49 ,Discipline 
19 80:4 ,Discipline 
19 79:5 ,Discipline 
19 35:17 ,Discipline 
19 13:1 ,Discipline 
19 6:3 ,Discipline 
19 90:8 ,Discipline 
19 90:7 ,Discipline 
19 66:11 ,Discipline 
18 16:12 ,Discipline 
18 6:4 ,Discipline 
8 1:20 ,Discipline 
66 7:14 ,Discipline 
47 4:17 ,Discipline 
38 13:9 ,Discipline 
32 2:2 ,Discipline 
21 7:2 ,Discipline 
19 119:67 ,Discipline 
18 34:32 ,Discipline 
18 34:31 ,Discipline 
18 23:10 ,Discipline 
18 5:17 ,Discipline 
58 12:11 ,Discipline 
58 12:10 ,Discipline 
58 12:9 ,Discipline 
58 12:8 ,Discipline 
58 12:7 ,Discipline 
58 12:6 ,Discipline 
58 12:5 ,Discipline 
20 29:17 ,Discipline 
20 29:15 ,Discipline 
20 23:23 ,Discipline 
20 23:14 ,Discipline 
20 23:13 ,Discipline 
20 22:15 ,Discipline 
20 20:30 ,Discipline 
20 19:29 ,Discipline 
20 19:27 ,Discipline 
20 19:25 ,Discipline 
20 19:20 ,Discipline 
20 19:18 ,Discipline 
20 15:33 ,Discipline 
20 15:32 ,Discipline 
20 15:31 ,Discipline 
20 15:5 ,Discipline 
20 15:10 ,Discipline 
20 13:1 ,Discipline 
20 12:1 ,Discipline 
20 10:17 ,Discipline 
20 10:13 ,Discipline 
20 8:10 ,Discipline 
20 6:23 ,Discipline 
20 5:23 ,Discipline 
20 5:12 ,Discipline 
20 4:13 ,Discipline 
20 4:1 ,Discipline 
20 3:11 ,Discipline 
20 1:8 ,Discipline 
20 1:7 ,Discipline 
10 7:14 ,Discipline 
9 3:13 ,Discipline 
5 8:5 ,Discipline 
5 6:9 ,Education 
54 3:12 ,Education 
54 3:4 ,Education 
49 6:4 ,Education 
20 6:23 ,Education 
20 6:22 ,Education 
20 6:21 ,Education 
12 12:2 ,Education 
6 8:35 ,Education 
25 2:19 ,Education 
23 38:19 ,Education 
5 21:19 ,Education 
5 21:18 ,Education 
5 6:21 ,Education 
5 6:20 ,Education 
55 3:15 ,Education 
55 3:14 ,Education 
54 6:20 ,Education 
51 2:8 ,Education 
45 16:19 ,Education 
42 6:40 ,Education 
24 35:17 ,Education 
24 35:16 ,Education 
21 12:12 ,Education 
20 23:19 ,Education 
20 22:6 ,Education 
20 17:6 ,Education 
20 14:7 ,Education 
20 13:20 ,Education 
20 6:20 ,Education 
20 4:10 ,Education 
20 4:2 ,Education 
20 3:1 ,Education 
20 1:8 ,Education 
19 144:12 ,Education 
19 144:11 ,Education 
19 127:1 ,Education 
19 34:11 ,Education 
5 11:21 ,Education 
5 11:20 ,Education 
5 11:19 ,Education 
5 6:7 ,Education 
1 18:19 ,Education 
47 12:8 ,Effective Prayer 
26 20:3 ,Effective Prayer 
10 12:16 ,Effective Prayer 
5 3:26 ,Effective Prayer 
2 33:20 ,Effective Prayer 
38 10:6 ,Effective Prayer 
33 7:7 ,Effective Prayer 
19 34:17 ,Effective Prayer 
19 18:6 ,Effective Prayer 
19 4:4 ,Effective Prayer 
19 4:3 ,Effective Prayer 
18 34:28 ,Effective Prayer 
60 3:12 ,Effective Prayer 
59 4:3 ,Effective Prayer 
59 1:6 ,Effective Prayer 
49 3:20 ,Effective Prayer 
43 16:24 ,Effective Prayer 
43 16:23 ,Effective Prayer 
43 14:14 ,Effective Prayer 
43 14:13 ,Effective Prayer 
43 9:31 ,Effective Prayer 
41 11:24 ,Effective Prayer 
40 21:22 ,Effective Prayer 
32 2:7 ,Effective Prayer 
27 9:16 ,Effective Prayer 
24 11:14 ,Effective Prayer 
24 7:16 ,Effective Prayer 
23 59:2 ,Effective Prayer 
23 1:15 ,Effective Prayer 
20 28:9 ,Effective Prayer 
20 15:29 ,Effective Prayer 
20 15:8 ,Effective Prayer 
19 109:7 ,Effective Prayer 
19 109:6 ,Effective Prayer 
19 66:18 ,Effective Prayer 
9 28:6 ,Effective Prayer 
40 19:14 ,Family Planning 
20 17:6 ,Family Planning 
19 128:3 ,Family Planning 
19 113:9 ,Family Planning 
6 24:3 ,Family Planning 
1 48:9 ,Family Planning 
1 33:5 ,Family Planning 
39 2:15 ,Family Planning 
19 107:43 ,Family Planning 
19 107:42 ,Family Planning 
19 107:41 ,Family Planning 
19 127:4 ,Family Planning 
54 5:14 ,Family Planning 
42 1:13 ,Family Planning 
23 66:9 ,Family Planning 
19 127:3 ,Family Planning 
19 127:5 ,Family Planning 
13 25:5 ,Family Planning 
12 4:17 ,Family Planning 
12 4:16 ,Family Planning 
10 6:23 ,Family Planning 
9 2:21 ,Family Planning 
9 1:20 ,Family Planning 
9 1:19 ,Family Planning 
9 1:5 ,Family Planning 
8 4:13 ,Family Planning 
7 13:3 ,Family Planning 
3 26:9 ,Family Planning 
1 30:22 ,Family Planning 
1 30:2 ,Family Planning 
1 29:31 ,Family Planning 
1 25:21 ,Family Planning 
1 21:2 ,Family Planning 
1 21:1 ,Family Planning 
1 20:18 ,Family Planning 
1 20:17 ,Family Planning 
1 17:19 ,Family Planning 
1 3:16 ,Family Planning 
1 1:28 ,Family Planning 
44 27:24 ,Fear Not 
42 12:7 ,Fear Not 
42 8:50 ,Fear Not 
42 5:10 ,Fear Not 
42 2:10 ,Fear Not 
42 1:30 ,Fear Not 
40 28:5 ,Fear Not 
40 10:28 ,Fear Not 
42 12:32 ,Fear Not 
66 1:17 ,Fear Not 
24 46:27 ,Fear Not 
27 10:19 ,Fear Not 
27 10:12 ,Fear Not 
23 54:4 ,Fear Not 
23 41:13 ,Fear Not 
23 35:4 ,Fear Not 
23 41:14 ,Fear Not 
23 43:1 ,Fear Not 
38 8:13 ,Fear Not 
13 28:20 ,Fear Not 
23 44:2 ,Fear Not 
12 6:16 ,Fear Not 
11 17:13 ,Fear Not 
7 6:23 ,Fear Not 
6 10:25 ,Fear Not 
5 31:7 ,Fear Not 
5 31:8 ,Fear Not 
6 8:1 ,Fear Not 
5 31:6 ,Fear Not 
1 46:3 ,Fear Not 
1 26:24 ,Fear Not 
1 15:1 ,Fear Not 
23 43:5 ,Fear Not 
43 12:15 ,Fear Not 
29 2:21 ,Fear Not 
42 24:3 ,First Day 
42 24:2 ,First Day 
42 24:1 ,First Day 
41 16:2 ,First Day 
41 16:9 ,First Day 
43 20:1 ,First Day 
66 1:10 ,First Day 
51 2:16 ,First Day 
46 16:2 ,First Day 
45 14:6 ,First Day 
45 14:5 ,First Day 
44 20:7 ,First Day 
43 20:19 ,First Day 
52 2:5 ,Flattery 
20 26:28 ,Flattery 
20 24:24 ,Flattery 
20 20:19 ,Flattery 
19 5:9 ,Flattery 
19 36:3 ,Flattery 
19 36:2 ,Flattery 
27 11:21 ,Flattery 
27 11:32 ,Flattery 
59 2:9 ,Flattery 
20 6:24 ,Flattery 
20 7:21 ,Flattery 
19 12:3 ,Flattery 
18 17:5 ,Flattery 
65 1:16 ,Flattery 
20 29:5 ,Flattery 
20 28:23 ,Flattery 
18 32:22 ,Flattery 
18 32:21 ,Flattery 
45 10:12 ,Free Will 
40 22:9 ,Free Will 
43 7:37 ,Free Will 
47 5:20 ,Free Will 
45 10:21 ,Free Will 
26 18:31 ,Free Will 
23 1:18 ,Free Will 
23 1:17 ,Free Will 
23 55:1 ,Free Will 
62 5:1 ,Free Will 
44 10:43 ,Free Will 
43 4:14 ,Free Will 
42 12:8 ,Free Will 
43 3:16 ,Free Will 
66 22:17 ,Free Will 
61 3:9 ,Free Will 
54 2:4 ,Free Will 
45 10:13 ,Free Will 
44 17:30 ,Free Will 
44 2:21 ,Free Will 
40 11:28 ,Free Will 
29 2:32 ,Free Will 
23 45:22 ,Free Will 
20 8:17 ,Free Will 
66 22:12 ,God's Judgement 
66 2:23 ,God's Judgement 
45 2:6 ,God's Judgement 
40 16:27 ,God's Judgement 
26 18:30 ,God's Judgement 
24 32:19 ,God's Judgement 
24 17:10 ,God's Judgement 
20 24:12 ,God's Judgement 
19 62:12 ,God's Judgement 
45 2:12 ,God's Judgement 
43 15:22 ,God's Judgement 
43 9:41 ,God's Judgement 
43 3:19 ,God's Judgement 
42 12:48 ,God's Judgement 
41 6:11 ,God's Judgement 
40 11:20 ,God's Judgement 
40 11:21 ,God's Judgement 
40 11:22 ,God's Judgement 
66 20:12 ,God's Judgement 
65 1:15 ,God's Judgement 
65 1:14 ,God's Judgement 
62 4:17 ,God's Judgement 
61 3:7 ,God's Judgement 
61 2:9 ,God's Judgement 
58 9:28 ,God's Judgement 
58 9:27 ,God's Judgement 
47 5:11 ,God's Judgement 
47 5:10 ,God's Judgement 
40 25:33 ,God's Judgement 
40 25:32 ,God's Judgement 
40 25:31 ,God's Judgement 
39 3:5 ,God's Judgement 
26 39:21 ,God's Judgement 
26 38:22 ,God's Judgement 
26 30:14 ,God's Judgement 
26 25:11 ,God's Judgement 
19 36:6 ,God's Judgement 
19 9:16 ,God's Judgement 
2 12:12 ,God's Judgement 
2 6:6 ,God's Judgement 
66 20:13 ,God's Judgement 
60 1:17 ,God's Judgement 
45 2:16 ,God's Judgement 
44 17:31 ,God's Judgement 
43 5:30 ,God's Judgement 
43 5:23 ,God's Judgement 
43 5:22 ,God's Judgement 
42 19:22 ,God's Judgement 
23 57:21 ,God's Judgement 
23 48:22 ,God's Judgement 
21 8:11 ,God's Judgement 
20 1:31 ,God's Judgement 
20 1:30 ,God's Judgement 
20 1:29 ,God's Judgement 
20 1:28 ,God's Judgement 
20 1:27 ,God's Judgement 
20 1:26 ,God's Judgement 
20 1:25 ,God's Judgement 
20 1:24 ,God's Judgement 
2 34:7 ,God's Judgement 
56 3:5 ,Grace 
45 9:16 ,Grace 
45 4:16 ,Grace 
27 9:18 ,Grace 
5 9:5 ,Grace 
56 3:6 ,Grace 
54 1:14 ,Grace 
50 4:19 ,Grace 
49 2:9 ,Grace 
49 2:8 ,Grace 
49 2:7 ,Grace 
49 1:7 ,Grace 
45 9:23 ,Grace 
45 2:4 ,Grace 
56 3:7 ,Grace 
56 2:11 ,Grace 
49 2:5 ,Grace 
44 15:11 ,Grace 
66 22:21 ,Grace 
55 2:1 ,Grace 
54 1:13 ,Grace 
54 1:12 ,Grace 
47 12:9 ,Grace 
47 8:9 ,Grace 
60 5:5 ,Grace 
60 4:10 ,Grace 
59 4:6 ,Grace 
58 2:9 ,Grace 
49 3:7 ,Grace 
48 2:21 ,Grace 
47 1:12 ,Grace 
46 15:10 ,Grace 
46 3:10 ,Grace 
44 13:43 ,Grace 
44 11:23 ,Grace 
19 84:11 ,Grace 
25 3:23 ,Grace 
25 3:22 ,Grace 
48 5:4 ,Grace 
49 4:7 ,Grace 
47 6:1 ,Grace 
45 11:6 ,Grace 
45 11:5 ,Grace 
45 6:2 ,Grace 
45 6:1 ,Grace 
45 5:21 ,Grace 
45 5:20 ,Grace 
45 3:24 ,Grace 
43 1:17 ,Grace 
43 1:16 ,Grace 
65 1:4 ,Grace 
45 6:14 ,Grace 
44 18:7 ,Home Church 
44 20:8 ,Home Church 
44 20:7 ,Home Church 
44 28:23 ,Home Church 
44 12:12 ,Home Church 
44 1:15 ,Home Church 
44 1:14 ,Home Church 
44 1:13 ,Home Church 
44 2:46 ,Home Church 
57 1:2 ,Home Church 
51 4:15 ,Home Church 
46 16:19 ,Home Church 
45 16:5 ,Home Church 
66 11:15 ,Immutability 
61 1:11 ,Immutability 
42 1:33 ,Immutability 
42 1:32 ,Immutability 
33 4:7 ,Immutability 
27 7:27 ,Immutability 
27 7:14 ,Immutability 
27 7:13 ,Immutability 
27 6:26 ,Immutability 
27 4:34 ,Immutability 
27 4:3 ,Immutability 
23 9:7 ,Immutability 
58 6:17 ,Immutability 
44 5:39 ,Immutability 
27 4:35 ,Immutability 
24 4:28 ,Immutability 
23 46:10 ,Immutability 
23 25:1 ,Immutability 
23 14:27 ,Immutability 
20 19:21 ,Immutability 
66 11:17 ,Immutability 
61 3:8 ,Immutability 
54 1:17 ,Immutability 
25 5:19 ,Immutability 
23 57:15 ,Immutability 
19 145:13 ,Immutability 
19 135:13 ,Immutability 
19 9:7 ,Immutability 
18 36:26 ,Immutability 
5 33:27 ,Immutability 
5 32:39 ,Immutability 
5 32:40 ,Immutability 
59 1:17 ,Immutability 
19 33:11 ,Immutability 
55 2:19 ,Immutability 
56 1:2 ,Immutability 
55 2:13 ,Immutability 
66 1:8 ,Immutability 
58 13:8 ,Immutability 
58 1:12 ,Immutability 
39 3:6 ,Immutability 
23 41:4 ,Immutability 
19 119:89 ,Immutability 
19 102:27 ,Immutability 
19 89:34 ,Immutability 
43 20:31 ,Jesus Christ's Deity 
62 5:10 ,Jesus Christ's Deity 
62 5:9 ,Jesus Christ's Deity 
43 8:18 ,Jesus Christ's Deity 
43 5:37 ,Jesus Christ's Deity 
43 5:36 ,Jesus Christ's Deity 
43 5:35 ,Jesus Christ's Deity 
43 5:34 ,Jesus Christ's Deity 
43 5:33 ,Jesus Christ's Deity 
43 5:31 ,Jesus Christ's Deity 
43 5:32 ,Jesus Christ's Deity 
51 2:9 ,Jesus Christ's Deity 
51 1:15 ,Jesus Christ's Deity 
45 9:5 ,Jesus Christ's Deity 
45 1:4 ,Jesus Christ's Deity 
40 16:16 ,Jesus Christ's Deity 
43 16:15 ,Jesus Christ's Deity 
43 14:11 ,Jesus Christ's Deity 
43 14:10 ,Jesus Christ's Deity 
43 14:9 ,Jesus Christ's Deity 
43 14:8 ,Jesus Christ's Deity 
43 14:7 ,Jesus Christ's Deity 
43 12:45 ,Jesus Christ's Deity 
43 10:38 ,Jesus Christ's Deity 
43 10:37 ,Jesus Christ's Deity 
43 10:30 ,Jesus Christ's Deity 
42 22:70 ,Jesus Christ's Deity 
42 22:69 ,Jesus Christ's Deity 
43 21:17 ,Jesus Christ's Deity 
43 2:24 ,Jesus Christ's Deity 
40 1:23 ,Jesus Christ's Deity 
40 1:22 ,Jesus Christ's Deity 
40 1:21 ,Jesus Christ's Deity 
40 1:20 ,Jesus Christ's Deity 
42 1:35 ,Jesus Christ's Deity 
42 1:33 ,Jesus Christ's Deity 
42 1:32 ,Jesus Christ's Deity 
42 1:31 ,Jesus Christ's Deity 
42 1:30 ,Jesus Christ's Deity 
42 2:49 ,Jesus Christ's Deity 
61 1:16 ,Jesus Christ's Deity 
61 1:17 ,Jesus Christ's Deity 
41 9:7 ,Jesus Christ's Deity 
41 9:6 ,Jesus Christ's Deity 
41 9:5 ,Jesus Christ's Deity 
41 9:4 ,Jesus Christ's Deity 
41 9:3 ,Jesus Christ's Deity 
41 9:2 ,Jesus Christ's Deity 
40 17:5 ,Jesus Christ's Deity 
40 17:2 ,Jesus Christ's Deity 
40 3:17 ,Jesus Christ's Deity 
62 5:20 ,Jesus Christ's Deity 
50 2:6 ,Jesus Christ's Deity 
43 16:30 ,Jesus Christ's Deity 
43 9:38 ,Jesus Christ's Deity 
43 8:58 ,Jesus Christ's Deity 
43 1:14 ,Jesus Christ's Deity 
43 1:3 ,Jesus Christ's Deity 
43 1:1 ,Jesus Christ's Deity 
43 1:2 ,Jesus Christ's Deity 
42 22:61 ,Jesus Christ's Deity 
40 2:11 ,Jesus Christ's Deity 
45 9:5 ,Jesus Christ's Humanity 
63 1:7 ,Jesus Christ's Humanity 
54 3:16 ,Jesus Christ's Humanity 
44 2:30 ,Jesus Christ's Humanity 
43 1:14 ,Jesus Christ's Humanity 
42 2:7 ,Jesus Christ's Humanity 
42 1:31 ,Jesus Christ's Humanity 
23 11:1 ,Jesus Christ's Humanity 
23 9:6 ,Jesus Christ's Humanity 
54 2:5 ,Jesus Christ's Humanity 
50 2:8 ,Jesus Christ's Humanity 
50 2:7 ,Jesus Christ's Humanity 
48 4:4 ,Jesus Christ's Humanity 
40 1:1 ,Jesus Christ's Humanity 
40 1:16 ,Jesus Christ's Humanity 
55 2:8 ,Jesus Christ's Humanity 
24 23:6 ,Jesus Christ's Humanity 
24 23:5 ,Jesus Christ's Humanity 
23 7:16 ,Jesus Christ's Humanity 
23 7:15 ,Jesus Christ's Humanity 
23 7:14 ,Jesus Christ's Humanity 
62 4:2 ,Jesus Christ's Humanity 
62 4:3 ,Jesus Christ's Humanity 
58 4:14 ,Jesus Christ's Humanity 
58 2:16 ,Jesus Christ's Humanity 
58 2:14 ,Jesus Christ's Humanity 
45 8:3 ,Jesus Christ's Humanity 
45 1:3 ,Jesus Christ's Humanity 
26 34:24 ,Jesus Christ's Humanity 
26 34:23 ,Jesus Christ's Humanity 
59 3:1 ,Leadership 
58 13:17 ,Leadership 
26 33:6 ,Leadership 
56 2:2 ,Leadership 
55 2:15 ,Leadership 
54 5:19 ,Leadership 
54 5:18 ,Leadership 
54 5:17 ,Leadership 
54 3:6 ,Leadership 
49 4:12 ,Leadership 
46 14:29 ,Leadership 
20 29:14 ,Leadership 
20 29:12 ,Leadership 
20 29:4 ,Leadership 
20 25:2 ,Leadership 
20 21:1 ,Leadership 
20 20:8 ,Leadership 
20 20:28 ,Leadership 
20 20:26 ,Leadership 
20 16:13 ,Leadership 
20 16:12 ,Leadership 
20 14:35 ,Leadership 
20 14:28 ,Leadership 
20 16:31 ,Longevity 
38 8:3 ,Longevity 
38 8:2 ,Longevity 
23 65:22 ,Longevity 
20 10:27 ,Longevity 
19 91:14 ,Longevity 
19 91:15 ,Longevity 
19 91:16 ,Longevity 
18 5:26 ,Longevity 
11 3:14 ,Longevity 
5 11:21 ,Longevity 
5 5:33 ,Longevity 
48 3:12 ,Longevity 
45 10:5 ,Longevity 
42 10:28 ,Longevity 
42 10:27 ,Longevity 
26 33:19 ,Longevity 
26 20:11 ,Longevity 
20 19:23 ,Longevity 
20 12:28 ,Longevity 
20 11:19 ,Longevity 
20 4:22 ,Longevity 
20 4:21 ,Longevity 
20 4:20 ,Longevity 
5 32:47 ,Longevity 
5 32:46 ,Longevity 
60 3:12 ,Longevity 
60 3:11 ,Longevity 
60 3:10 ,Longevity 
19 34:14 ,Longevity 
19 34:13 ,Longevity 
19 34:12 ,Longevity 
49 6:3 ,Longevity 
49 6:2 ,Longevity 
54 4:8 ,Longevity 
51 2:23 ,Longevity 
51 2:22 ,Longevity 
51 2:21 ,Longevity 
51 2:20 ,Longevity 
20 28:16 ,Longevity 
20 9:11 ,Longevity 
20 9:10 ,Longevity 
20 4:10 ,Longevity 
20 3:2 ,Longevity 
20 3:1 ,Longevity 
5 25:15 ,Longevity 
2 20:12 ,Longevity 
56 2:6 ,Man's Role 
56 2:2 ,Man's Role 
59 3:7 ,Man's Role 
1 9:2 ,Man's Role 
1 1:26 ,Man's Role 
46 7:11 ,Man's Role 
41 10:7 ,Man's Role 
21 9:9 ,Man's Role 
20 5:18 ,Man's Role 
5 24:5 ,Man's Role 
1 2:24 ,Man's Role 
1 2:23 ,Man's Role 
49 5:33 ,Man's Role 
60 3:7 ,Man's Role 
54 3:13 ,Man's Role 
54 3:12 ,Man's Role 
54 3:11 ,Man's Role 
54 3:10 ,Man's Role 
54 3:9 ,Man's Role 
54 3:8 ,Man's Role 
54 3:7 ,Man's Role 
54 3:6 ,Man's Role 
54 3:5 ,Man's Role 
54 3:4 ,Man's Role 
54 3:3 ,Man's Role 
54 3:2 ,Man's Role 
51 3:21 ,Man's Role 
51 3:19 ,Man's Role 
49 5:28 ,Man's Role 
49 5:25 ,Man's Role 
49 5:23 ,Man's Role 
46 14:35 ,Man's Role 
13 23:24 ,Man's Role 
4 30:15 ,Man's Role 
4 30:14 ,Man's Role 
4 30:13 ,Man's Role 
4 30:12 ,Man's Role 
1 3:16 ,Man's Role 
22 8:7 ,Marriage 
20 5:19 ,Marriage 
20 5:18 ,Marriage 
46 7:12 ,Marriage 
46 7:10 ,Marriage 
45 7:2 ,Marriage 
41 10:9 ,Marriage 
41 10:8 ,Marriage 
41 10:6 ,Marriage 
41 10:7 ,Marriage 
54 5:4 ,Marriage 
54 3:12 ,Marriage 
58 13:4 ,Marriage 
24 29:6 ,Marriage 
5 24:5 ,Marriage 
51 3:18 ,Marriage 
51 3:19 ,Marriage 
49 5:33 ,Marriage 
49 5:31 ,Marriage 
49 5:25 ,Marriage 
49 5:24 ,Marriage 
49 5:23 ,Marriage 
20 18:22 ,Marriage 
40 19:11 ,Marriage 
40 19:10 ,Marriage 
46 7:33 ,Marriage 
46 7:28 ,Marriage 
46 7:27 ,Marriage 
47 6:14 ,Marriage 
46 7:39 ,Marriage 
46 7:36 ,Marriage 
46 7:9 ,Marriage 
46 7:8 ,Marriage 
46 7:3 ,Marriage 
46 7:2 ,Marriage 
1 2:24 ,Marriage 
1 1:28 ,Marriage 
1 1:27 ,Marriage 
30 6:6 ,Music's Influence 
30 6:5 ,Music's Influence 
30 6:4 ,Music's Influence 
30 6:3 ,Music's Influence 
30 5:24 ,Music's Influence 
30 5:23 ,Music's Influence 
30 5:22 ,Music's Influence 
23 5:13 ,Music's Influence 
23 5:11 ,Music's Influence 
23 5:12 ,Music's Influence 
18 21:15 ,Music's Influence 
18 21:14 ,Music's Influence 
18 21:13 ,Music's Influence 
18 21:12 ,Music's Influence 
23 14:11 ,Music's Influence 
23 5:14 ,Music's Influence 
9 16:23 ,Music's Influence 
43 7:43 ,No Fellowship 
46 5:10 ,No Fellowship 
46 5:9 ,No Fellowship 
20 24:1 ,No Fellowship 
20 1:16 ,No Fellowship 
20 1:15 ,No Fellowship 
66 18:4 ,No Fellowship 
63 1:10 ,No Fellowship 
62 2:17 ,No Fellowship 
62 2:16 ,No Fellowship 
62 2:15 ,No Fellowship 
59 4:4 ,No Fellowship 
59 1:27 ,No Fellowship 
56 3:11 ,No Fellowship 
56 3:10 ,No Fellowship 
56 3:9 ,No Fellowship 
55 3:2 ,No Fellowship 
55 3:3 ,No Fellowship 
55 3:4 ,No Fellowship 
55 3:5 ,No Fellowship 
55 2:22 ,No Fellowship 
54 6:5 ,No Fellowship 
54 5:22 ,No Fellowship 
53 3:14 ,No Fellowship 
53 3:6 ,No Fellowship 
49 5:11 ,No Fellowship 
47 6:17 ,No Fellowship 
47 6:14 ,No Fellowship 
46 15:33 ,No Fellowship 
46 5:13 ,No Fellowship 
46 5:11 ,No Fellowship 
44 19:19 ,No Fellowship 
42 9:5 ,No Fellowship 
37 2:14 ,No Fellowship 
37 2:13 ,No Fellowship 
37 2:12 ,No Fellowship 
20 22:24 ,No Fellowship 
20 22:5 ,No Fellowship 
20 13:20 ,No Fellowship 
20 4:14 ,No Fellowship 
19 119:63 ,No Fellowship 
19 101:4 ,No Fellowship 
19 101:3 ,No Fellowship 
19 1:1 ,No Fellowship 
5 7:26 ,No Fellowship 
4 5:2 ,No Fellowship 
2 34:12 ,No Fellowship 
2 23:2 ,No Fellowship 
23 6:5 ,No One is Good 
45 5:12 ,No One is Good 
45 3:23 ,No One is Good 
19 71:19 ,No One is Good 
45 3:12 ,No One is Good 
45 3:11 ,No One is Good 
45 3:10 ,No One is Good 
42 18:19 ,No One is Good 
42 18:18 ,No One is Good 
41 10:18 ,No One is Good 
41 10:17 ,No One is Good 
40 19:17 ,No One is Good 
40 19:16 ,No One is Good 
19 53:3 ,No One is Good 
19 53:2 ,No One is Good 
19 14:2 ,No One is Good 
19 14:3 ,No One is Good 
19 14:1 ,No One is Good 
20 25:22 ,Nonresistance 
18 31:29 ,Nonresistance 
18 31:28 ,Nonresistance 
40 5:44 ,Nonresistance 
40 5:43 ,Nonresistance 
40 5:42 ,Nonresistance 
40 5:41 ,Nonresistance 
40 5:40 ,Nonresistance 
20 25:21 ,Nonresistance 
60 3:9 ,Nonresistance 
52 5:15 ,Nonresistance 
20 24:29 ,Nonresistance 
20 20:22 ,Nonresistance 
42 6:27 ,Nonresistance 
42 6:28 ,Nonresistance 
42 6:29 ,Nonresistance 
45 12:21 ,Nonresistance 
45 12:18 ,Nonresistance 
45 12:17 ,Nonresistance 
45 12:14 ,Nonresistance 
45 12:19 ,Nonresistance 
45 12:20 ,Nonresistance 
2 23:4 ,Nonresistance 
45 13:10 ,Nonresistance 
41 12:33 ,Nonresistance 
40 22:37 ,Nonresistance 
40 22:40 ,Nonresistance 
40 22:39 ,Nonresistance 
40 22:38 ,Nonresistance 
49 6:12 ,Nonresistance 
66 13:10 ,Nonresistance 
40 5:39 ,Nonresistance 
45 9:16 ,Not Under the Law 
45 4:16 ,Not Under the Law 
58 10:1 ,Not Under the Law 
46 15:57 ,Not Under the Law 
46 15:56 ,Not Under the Law 
45 10:4 ,Not Under the Law 
45 8:3 ,Not Under the Law 
45 7:6 ,Not Under the Law 
45 3:21 ,Not Under the Law 
45 3:20 ,Not Under the Law 
44 13:39 ,Not Under the Law 
43 1:17 ,Not Under the Law 
45 6:14 ,Not Under the Law 
48 5:18 ,Not Under the Law 
24 7:23 ,Obey God's Commandments 
9 15:22 ,Obey God's Commandments 
6 1:8 ,Obey God's Commandments 
44 5:29 ,Obey God's Commandments 
5 32:46 ,Obey God's Commandments 
66 14:12 ,Obey God's Commandments 
40 19:17 ,Obey God's Commandments 
19 78:7 ,Obey God's Commandments 
12 17:13 ,Obey God's Commandments 
11 8:58 ,Obey God's Commandments 
11 2:3 ,Obey God's Commandments 
6 22:5 ,Obey God's Commandments 
5 26:18 ,Obey God's Commandments 
5 10:13 ,Obey God's Commandments 
5 6:17 ,Obey God's Commandments 
5 4:40 ,Obey God's Commandments 
2 20:6 ,Obey God's Commandments 
40 15:3 ,Obey God's Commandments 
19 119:6 ,Obey God's Commandments 
19 19:8 ,Obey God's Commandments 
5 11:8 ,Obey God's Commandments 
20 7:2 ,Obey God's Commandments 
66 22:14 ,Obey God's Commandments 
62 5:3 ,Obey God's Commandments 
62 3:24 ,Obey God's Commandments 
5 8:6 ,Obey God's Commandments 
62 2:3 ,Obey God's Commandments 
62 2:6 ,Obey God's Commandments 
62 2:5 ,Obey God's Commandments 
62 2:4 ,Obey God's Commandments 
45 6:15 ,Obey God's Commandments 
45 3:31 ,Obey God's Commandments 
43 15:10 ,Obey God's Commandments 
43 14:15 ,Obey God's Commandments 
21 12:13 ,Obey God's Commandments 
65 1:8 ,Obey Government Laws 
21 10:20 ,Obey Government Laws 
9 24:6 ,Obey Government Laws 
2 22:28 ,Obey Government Laws 
40 22:21 ,Obey Government Laws 
40 17:27 ,Obey Government Laws 
21 8:2 ,Obey Government Laws 
20 24:21 ,Obey Government Laws 
15 7:26 ,Obey Government Laws 
20 7:1 ,Obey Government Laws 
54 2:1 ,Obey Government Laws 
54 2:2 ,Obey Government Laws 
21 10:4 ,Obey Government Laws 
44 23:5 ,Obey Government Laws 
60 2:17 ,Obey Government Laws 
60 2:15 ,Obey Government Laws 
60 2:14 ,Obey Government Laws 
60 2:13 ,Obey Government Laws 
56 3:1 ,Obey Government Laws 
45 13:7 ,Obey Government Laws 
45 13:6 ,Obey Government Laws 
45 13:5 ,Obey Government Laws 
45 13:4 ,Obey Government Laws 
45 13:3 ,Obey Government Laws 
45 13:2 ,Obey Government Laws 
45 13:1 ,Obey Government Laws 
40 19:26 ,Omnipotence 
35 3:6 ,Omnipotence 
19 135:6 ,Omnipotence 
23 43:13 ,Omnipotence 
19 115:3 ,Omnipotence 
66 19:6 ,Omnipotence 
66 1:8 ,Omnipotence 
45 1:20 ,Omnipotence 
42 1:37 ,Omnipotence 
18 42:2 ,Omnipotence 
1 1:1 ,Omnipotence 
24 32:17 ,Omnipotence 
66 11:17 ,Omnipotence 
23 59:1 ,Omnipotence 
23 40:10 ,Omnipotence 
23 40:29 ,Omnipotence 
23 40:28 ,Omnipotence 
19 121:3 ,Omnipotence 
58 1:3 ,Omnipotence 
41 10:27 ,Omnipotence 
27 4:35 ,Omnipotence 
44 17:27 ,Omnipresence 
23 66:1 ,Omnipresence 
20 15:3 ,Omnipresence 
5 4:39 ,Omnipresence 
19 139:10 ,Omnipresence 
19 139:9 ,Omnipresence 
19 139:8 ,Omnipresence 
19 121:3 ,Omnipresence 
40 18:20 ,Omnipresence 
25 3:60 ,Omnipresence 
24 32:19 ,Omnipresence 
24 23:24 ,Omnipresence 
20 5:21 ,Omnipresence 
19 139:7 ,Omnipresence 
19 94:9 ,Omnipresence 
18 28:24 ,Omnipresence 
58 4:13 ,Omniscience 
19 147:5 ,Omniscience 
18 34:21 ,Omniscience 
18 31:4 ,Omniscience 
18 26:6 ,Omniscience 
44 1:24 ,Omniscience 
43 21:17 ,Omniscience 
43 16:30 ,Omniscience 
43 2:24 ,Omniscience 
19 121:3 ,Omniscience 
62 3:20 ,Omniscience 
49 1:4 ,Omniscience 
45 2:16 ,Omniscience 
44 15:18 ,Omniscience 
27 2:22 ,Omniscience 
23 46:10 ,Omniscience 
23 40:28 ,Omniscience 
20 15:11 ,Omniscience 
19 94:11 ,Omniscience 
19 69:5 ,Omniscience 
5 6:8 ,Orderly Home 
19 127:5 ,Orderly Home 
19 127:4 ,Orderly Home 
18 29:5 ,Orderly Home 
1 18:19 ,Orderly Home 
6 24:15 ,Orderly Home 
24 35:18 ,Orderly Home 
24 35:10 ,Orderly Home 
24 35:9 ,Orderly Home 
24 35:8 ,Orderly Home 
24 35:7 ,Orderly Home 
24 35:6 ,Orderly Home 
46 16:15 ,Orderly Home 
54 3:4 ,Orderly Home 
5 6:7 ,Orderly Home 
49 6:4 ,Orderly Home 
49 6:2 ,Orderly Home 
49 6:1 ,Orderly Home 
60 3:1 ,Orderly Home 
60 3:7 ,Orderly Home 
60 3:2 ,Orderly Home 
56 2:5 ,Orderly Home 
51 3:20 ,Orderly Home 
51 3:19 ,Orderly Home 
51 3:18 ,Orderly Home 
46 11:3 ,Orderly Home 
54 5:10 ,Ordinance 
43 13:6 ,Ordinance 
43 13:7 ,Ordinance 
43 13:9 ,Ordinance 
43 13:8 ,Ordinance 
43 13:10 ,Ordinance 
43 13:11 ,Ordinance 
43 13:12 ,Ordinance 
43 13:13 ,Ordinance 
43 13:4 ,Ordinance 
43 13:5 ,Ordinance 
9 10:1 ,Ordinance 
9 20:41 ,Ordinance 
47 13:12 ,Ordinance 
46 16:20 ,Ordinance 
44 20:37 ,Ordinance 
41 14:22 ,Ordinance 
40 26:26 ,Ordinance 
59 5:15 ,Ordinance 
59 5:14 ,Ordinance 
60 5:14 ,Ordinance 
45 16:16 ,Ordinance 
46 11:16 ,Ordinance 
46 11:15 ,Ordinance 
46 11:14 ,Ordinance 
46 11:13 ,Ordinance 
46 11:12 ,Ordinance 
46 11:11 ,Ordinance 
46 11:10 ,Ordinance 
46 11:9 ,Ordinance 
46 11:8 ,Ordinance 
46 11:7 ,Ordinance 
46 11:6 ,Ordinance 
46 11:5 ,Ordinance 
46 11:4 ,Ordinance 
46 11:3 ,Ordinance 
46 11:2 ,Ordinance 
43 13:17 ,Ordinance 
43 13:16 ,Ordinance 
43 13:15 ,Ordinance 
43 13:14 ,Ordinance 
60 3:21 ,Ordinance 
51 2:12 ,Ordinance 
46 11:26 ,Ordinance 
46 11:25 ,Ordinance 
46 11:24 ,Ordinance 
46 11:23 ,Ordinance 
46 10:16 ,Ordinance 
44 22:16 ,Ordinance 
44 10:48 ,Ordinance 
44 2:38 ,Ordinance 
43 3:5 ,Ordinance 
41 16:16 ,Ordinance 
40 28:19 ,Ordinance 
66 20:10 ,Prince of this World 
62 3:8 ,Prince of this World 
58 2:14 ,Prince of this World 
53 2:8 ,Prince of this World 
42 4:13 ,Prince of this World 
1 3:15 ,Prince of this World 
66 20:2 ,Prince of this World 
66 20:3 ,Prince of this World 
66 9:11 ,Prince of this World 
47 11:14 ,Prince of this World 
18 1:6 ,Prince of this World 
47 4:4 ,Prince of this World 
46 2:8 ,Prince of this World 
43 16:11 ,Prince of this World 
43 12:31 ,Prince of this World 
49 2:2 ,Prince of this World 
66 16:14 ,Prince of this World 
66 12:10 ,Prince of this World 
66 12:9 ,Prince of this World 
66 11:15 ,Prince of this World 
62 4:4 ,Prince of this World 
43 18:36 ,Prince of this World 
43 14:30 ,Prince of this World 
42 4:8 ,Prince of this World 
42 4:7 ,Prince of this World 
42 4:6 ,Prince of this World 
42 4:5 ,Prince of this World 
40 4:10 ,Prince of this World 
40 4:9 ,Prince of this World 
40 4:8 ,Prince of this World 
12 7:8 ,Providence 
12 7:7 ,Providence 
12 7:6 ,Providence 
12 7:5 ,Providence 
12 4:1 ,Providence 
12 4:6 ,Providence 
12 4:5 ,Providence 
12 4:4 ,Providence 
12 4:3 ,Providence 
12 4:2 ,Providence 
12 3:20 ,Providence 
11 19:6 ,Providence 
11 17:6 ,Providence 
5 2:7 ,Providence 
40 10:29 ,Providence 
40 6:26 ,Providence 
40 5:45 ,Providence 
19 121:3 ,Providence 
18 38:41 ,Providence 
19 146:5 ,Providence 
55 4:18 ,Providence 
53 2:13 ,Providence 
52 5:24 ,Providence 
50 2:13 ,Providence 
45 8:31 ,Providence 
43 15:5 ,Providence 
13 18:6 ,Providence 
10 7:9 ,Providence 
9 7:10 ,Providence 
60 2:2 ,Renewing of the Mind 
60 1:13 ,Renewing of the Mind 
51 3:10 ,Renewing of the Mind 
50 4:8 ,Renewing of the Mind 
50 2:5 ,Renewing of the Mind 
49 4:23 ,Renewing of the Mind 
49 1:18 ,Renewing of the Mind 
47 10:5 ,Renewing of the Mind 
47 3:18 ,Renewing of the Mind 
45 12:2 ,Renewing of the Mind 
45 11:33 ,Renewing of the Mind 
45 8:29 ,Renewing of the Mind 
45 8:5 ,Renewing of the Mind 
20 23:7 ,Renewing of the Mind 
20 2:4 ,Renewing of the Mind 
20 2:3 ,Renewing of the Mind 
20 2:2 ,Renewing of the Mind 
20 2:5 ,Renewing of the Mind 
20 2:1 ,Renewing of the Mind 
66 3:20 ,Repentance 
66 3:19 ,Repentance 
66 2:16 ,Repentance 
59 5:20 ,Repentance 
56 2:11 ,Repentance 
44 17:30 ,Repentance 
44 3:19 ,Repentance 
42 15:10 ,Repentance 
42 5:32 ,Repentance 
40 20:16 ,Repentance 
40 4:17 ,Repentance 
38 1:4 ,Repentance 
29 2:14 ,Repentance 
29 2:13 ,Repentance 
29 2:12 ,Repentance 
26 33:11 ,Repentance 
26 18:32 ,Repentance 
26 18:22 ,Repentance 
26 18:23 ,Repentance 
26 18:21 ,Repentance 
26 14:6 ,Repentance 
24 35:15 ,Repentance 
24 18:11 ,Repentance 
23 55:7 ,Repentance 
20 29:1 ,Repentance 
12 17:13 ,Repentance 
5 30:2 ,Repentance 
45 5:2 ,Saved by Faith 
45 5:1 ,Saved by Faith 
42 5:20 ,Saved by Faith 
49 2:8 ,Saved by Faith 
42 18:42 ,Saved by Faith 
42 7:50 ,Saved by Faith 
58 10:39 ,Saved by Faith 
58 10:38 ,Saved by Faith 
48 5:5 ,Saved by Faith 
48 3:13 ,Saved by Faith 
48 3:14 ,Saved by Faith 
48 3:12 ,Saved by Faith 
48 3:11 ,Saved by Faith 
48 3:10 ,Saved by Faith 
48 3:9 ,Saved by Faith 
48 3:8 ,Saved by Faith 
48 3:7 ,Saved by Faith 
48 3:6 ,Saved by Faith 
48 3:5 ,Saved by Faith 
48 3:4 ,Saved by Faith 
48 3:3 ,Saved by Faith 
48 3:2 ,Saved by Faith 
48 3:1 ,Saved by Faith 
48 2:21 ,Saved by Faith 
48 2:20 ,Saved by Faith 
48 2:19 ,Saved by Faith 
48 2:18 ,Saved by Faith 
48 2:17 ,Saved by Faith 
48 2:16 ,Saved by Faith 
45 10:13 ,Saved by Faith 
45 10:12 ,Saved by Faith 
45 10:11 ,Saved by Faith 
45 10:10 ,Saved by Faith 
45 10:14 ,Saved by Faith 
45 10:9 ,Saved by Faith 
46 6:9 ,Sodomy 
45 1:26 ,Sodomy 
11 22:46 ,Sodomy 
11 14:24 ,Sodomy 
5 23:17 ,Sodomy 
3 20:13 ,Sodomy 
3 18:22 ,Sodomy 
1 2:24 ,Sodomy 
1 1:27 ,Sodomy 
40 1:23 ,Spirit of Prophecy 
40 1:22 ,Spirit of Prophecy 
40 2:15 ,Spirit of Prophecy 
23 53:12 ,Spirit of Prophecy 
23 53:11 ,Spirit of Prophecy 
23 53:10 ,Spirit of Prophecy 
23 53:9 ,Spirit of Prophecy 
23 53:8 ,Spirit of Prophecy 
23 53:7 ,Spirit of Prophecy 
23 53:6 ,Spirit of Prophecy 
23 53:5 ,Spirit of Prophecy 
23 53:4 ,Spirit of Prophecy 
23 53:3 ,Spirit of Prophecy 
23 53:2 ,Spirit of Prophecy 
23 53:1 ,Spirit of Prophecy 
23 11:2 ,Spirit of Prophecy 
23 11:1 ,Spirit of Prophecy 
23 9:6 ,Spirit of Prophecy 
23 7:14 ,Spirit of Prophecy 
20 30:4 ,Spirit of Prophecy 
19 22:7 ,Spirit of Prophecy 
19 22:18 ,Spirit of Prophecy 
19 22:17 ,Spirit of Prophecy 
19 22:16 ,Spirit of Prophecy 
19 22:15 ,Spirit of Prophecy 
19 22:14 ,Spirit of Prophecy 
19 22:12 ,Spirit of Prophecy 
19 22:8 ,Spirit of Prophecy 
19 22:6 ,Spirit of Prophecy 
19 22:1 ,Spirit of Prophecy 
19 2:12 ,Spirit of Prophecy 
19 2:7 ,Spirit of Prophecy 
1 3:15 ,Spirit of Prophecy 
52 5:10 ,Spiritual Gifts 
59 1:17 ,Spiritual Gifts 
55 1:6 ,Spiritual Gifts 
54 4:14 ,Spiritual Gifts 
46 12:31 ,Spiritual Gifts 
46 12:11 ,Spiritual Gifts 
46 12:10 ,Spiritual Gifts 
46 12:9 ,Spiritual Gifts 
46 12:8 ,Spiritual Gifts 
46 12:7 ,Spiritual Gifts 
46 12:6 ,Spiritual Gifts 
46 12:5 ,Spiritual Gifts 
46 12:4 ,Spiritual Gifts 
46 1:7 ,Spiritual Gifts 
45 12:6 ,Spiritual Gifts 
45 11:29 ,Spiritual Gifts 
45 1:11 ,Spiritual Gifts 
46 12:1 ,Spiritual Gifts 
45 12:3 ,Spiritual Gifts 
33 6:7 ,Spiritual Judgement 
33 6:8 ,Spiritual Judgement 
23 56:1 ,Spiritual Judgement 
20 21:3 ,Spiritual Judgement 
58 10:25 ,Spiritual Judgement 
58 3:13 ,Spiritual Judgement 
56 2:15 ,Spiritual Judgement 
52 5:14 ,Spiritual Judgement 
50 4:2 ,Spiritual Judgement 
46 11:31 ,Spiritual Judgement 
46 6:4 ,Spiritual Judgement 
46 6:5 ,Spiritual Judgement 
46 6:2 ,Spiritual Judgement 
46 6:1 ,Spiritual Judgement 
46 6:3 ,Spiritual Judgement 
46 5:12 ,Spiritual Judgement 
46 2:15 ,Spiritual Judgement 
44 5:1 ,Spiritual Judgement 
44 5:2 ,Spiritual Judgement 
44 5:3 ,Spiritual Judgement 
44 5:10 ,Spiritual Judgement 
44 5:9 ,Spiritual Judgement 
44 5:8 ,Spiritual Judgement 
44 5:7 ,Spiritual Judgement 
44 5:6 ,Spiritual Judgement 
44 5:5 ,Spiritual Judgement 
44 5:4 ,Spiritual Judgement 
43 7:24 ,Spiritual Judgement 
40 7:5 ,Spiritual Judgement 
40 7:4 ,Spiritual Judgement 
40 7:3 ,Spiritual Judgement 
40 7:2 ,Spiritual Judgement 
40 7:1 ,Spiritual Judgement 
5 16:19 ,Spiritual Judgement 
5 16:18 ,Spiritual Judgement 
5 1:17 ,Spiritual Judgement 
5 1:16 ,Spiritual Judgement 
43 5:24 ,Spiritual Rebirth 
56 2:11 ,Spiritual Rebirth 
42 3:6 ,Spiritual Rebirth 
42 3:5 ,Spiritual Rebirth 
42 3:4 ,Spiritual Rebirth 
52 5:9 ,Spiritual Rebirth 
45 5:10 ,Spiritual Rebirth 
45 5:9 ,Spiritual Rebirth 
45 5:8 ,Spiritual Rebirth 
45 5:7 ,Spiritual Rebirth 
45 5:6 ,Spiritual Rebirth 
44 15:11 ,Spiritual Rebirth 
26 11:20 ,Spiritual Rebirth 
26 11:19 ,Spiritual Rebirth 
49 2:8 ,Spiritual Rebirth 
44 16:31 ,Spiritual Rebirth 
44 4:12 ,Spiritual Rebirth 
43 10:9 ,Spiritual Rebirth 
42 18:42 ,Spiritual Rebirth 
60 1:23 ,Spiritual Rebirth 
45 10:9 ,Spiritual Rebirth 
44 2:37 ,Spiritual Rebirth 
44 2:40 ,Spiritual Rebirth 
44 2:39 ,Spiritual Rebirth 
44 2:38 ,Spiritual Rebirth 
44 2:21 ,Spiritual Rebirth 
43 3:16 ,Spiritual Rebirth 
43 3:10 ,Spiritual Rebirth 
43 3:9 ,Spiritual Rebirth 
43 3:8 ,Spiritual Rebirth 
43 3:7 ,Spiritual Rebirth 
43 3:6 ,Spiritual Rebirth 
43 3:5 ,Spiritual Rebirth 
43 3:4 ,Spiritual Rebirth 
43 3:3 ,Spiritual Rebirth 
43 1:13 ,Spiritual Rebirth 
43 1:12 ,Spiritual Rebirth 
26 36:27 ,Spiritual Rebirth 
26 36:26 ,Spiritual Rebirth 
26 36:25 ,Spiritual Rebirth 
26 36:24 ,Spiritual Rebirth 
26 36:23 ,Spiritual Rebirth 
24 31:34 ,Spiritual Rebirth 
24 31:33 ,Spiritual Rebirth 
61 3:17 ,Temptation 
49 6:13 ,Temptation 
45 6:13 ,Temptation 
20 1:10 ,Temptation 
59 1:4 ,Temptation 
59 1:3 ,Temptation 
59 1:2 ,Temptation 
42 22:46 ,Temptation 
42 22:40 ,Temptation 
48 6:1 ,Temptation 
66 3:10 ,Temptation 
54 6:9 ,Temptation 
40 26:41 ,Temptation 
61 2:9 ,Temptation 
59 1:14 ,Temptation 
59 1:13 ,Temptation 
59 1:12 ,Temptation 
58 4:15 ,Temptation 
58 2:18 ,Temptation 
46 10:13 ,Temptation 
42 10:28 ,What is Life 
42 10:27 ,What is Life 
20 12:28 ,What is Life 
62 5:12 ,What is Life 
59 4:14 ,What is Life 
19 39:5 ,What is Life 
19 39:4 ,What is Life 
20 7:2 ,What is Life 
42 17:33 ,What is Life 
19 36:9 ,What is Life 
43 6:44 ,What is Life 
43 6:50 ,What is Life 
43 6:51 ,What is Life 
43 6:48 ,What is Life 
43 6:47 ,What is Life 
43 11:25 ,What is Life 
43 5:25 ,What is Life 
43 5:24 ,What is Life 
43 3:36 ,What is Life 
1 2:7 ,What is Life 
20 23:31 ,Wine  
42 21:34 ,Wine  
23 5:12 ,Wine  
23 5:13 ,Wine  
60 4:3 ,Wine  
56 2:3 ,Wine  
56 1:7 ,Wine  
54 5:23 ,Wine  
54 3:8 ,Wine  
54 3:3 ,Wine  
49 5:18 ,Wine  
48 5:24 ,Wine  
48 5:21 ,Wine  
46 6:10 ,Wine  
46 5:11 ,Wine  
45 14:21 ,Wine  
45 13:14 ,Wine  
45 13:13 ,Wine  
42 12:45 ,Wine  
42 1:15 ,Wine  
40 24:49 ,Wine  
40 24:48 ,Wine  
35 2:5 ,Wine  
35 2:15 ,Wine  
33 2:11 ,Wine  
29 1:5 ,Wine  
27 5:4 ,Wine  
24 35:19 ,Wine  
24 35:18 ,Wine  
24 35:6 ,Wine  
24 35:5 ,Wine  
23 56:12 ,Wine  
23 56:11 ,Wine  
23 56:10 ,Wine  
23 28:7 ,Wine  
23 5:23 ,Wine  
23 5:22 ,Wine  
23 5:11 ,Wine  
21 10:17 ,Wine  
20 31:4 ,Wine  
20 31:7 ,Wine  
20 31:6 ,Wine  
20 31:5 ,Wine  
20 23:35 ,Wine  
20 23:34 ,Wine  
20 23:33 ,Wine  
20 23:32 ,Wine  
20 23:30 ,Wine  
20 23:21 ,Wine  
20 23:29 ,Wine  
20 23:20 ,Wine  
20 20:1 ,Wine  
9 1:15 ,Wine  
9 1:14 ,Wine  
5 29:6 ,Wine  
3 10:9 ,Wine  
55 3:15 ,Wisdom Cause 
20 19:20 ,Wisdom Cause 
20 13:20 ,Wisdom Cause 
20 9:10 ,Wisdom Cause 
20 8:33 ,Wisdom Cause 
19 111:10 ,Wisdom Cause 
18 28:28 ,Wisdom Cause 
5 4:6 ,Wisdom Cause 
5 4:5 ,Wisdom Cause 
42 21:15 ,Wisdom Fruit 
59 3:17 ,Wisdom Fruit 
59 3:13 ,Wisdom Fruit 
45 16:19 ,Wisdom Fruit 
44 6:3 ,Wisdom Fruit 
23 33:6 ,Wisdom Fruit 
20 30:3 ,Wisdom Fruit 
20 24:3 ,Wisdom Fruit 
20 20:1 ,Wisdom Fruit 
20 11:30 ,Wisdom Fruit 
20 11:2 ,Wisdom Fruit 
20 10:8 ,Wisdom Fruit 
20 9:12 ,Wisdom Fruit 
20 3:13 ,Wisdom Fruit 
20 3:7 ,Wisdom Fruit 
20 1:7 ,Wisdom Fruit 
19 119:99 ,Wisdom Fruit 
19 119:98 ,Wisdom Fruit 
19 37:31 ,Wisdom Fruit 
19 37:30 ,Wisdom Fruit 
5 32:29 ,Wisdom Fruit 
42 21:15 ,Wisdom Origin 
27 2:23 ,Wisdom Origin 
27 2:22 ,Wisdom Origin 
27 2:20 ,Wisdom Origin 
27 2:21 ,Wisdom Origin 
21 2:26 ,Wisdom Origin 
40 7:27 ,Wisdom Origin 
40 7:26 ,Wisdom Origin 
40 7:25 ,Wisdom Origin 
40 7:24 ,Wisdom Origin 
59 1:5 ,Wisdom Origin 
46 1:30 ,Wisdom Origin 
46 1:24 ,Wisdom Origin 
45 11:33 ,Wisdom Origin 
42 2:40 ,Wisdom Origin 
27 1:20 ,Wisdom Origin 
27 1:17 ,Wisdom Origin 
23 11:2 ,Wisdom Origin 
23 11:1 ,Wisdom Origin 
21 9:18 ,Wisdom Origin 
21 9:17 ,Wisdom Origin 
21 9:16 ,Wisdom Origin 
21 9:15 ,Wisdom Origin 
21 9:14 ,Wisdom Origin 
21 9:13 ,Wisdom Origin 
21 9:12 ,Wisdom Origin 
21 9:11 ,Wisdom Origin 
21 9:10 ,Wisdom Origin 
20 15:33 ,Wisdom Origin 
20 1:23 ,Wisdom Origin 
20 1:22 ,Wisdom Origin 
20 1:21 ,Wisdom Origin 
20 1:20 ,Wisdom Origin 
18 12:13 ,Wisdom Origin 
18 12:12 ,Wisdom Origin 
11 4:30 ,Wisdom Origin 
11 4:29 ,Wisdom Origin 
2 31:3 ,Wisdom Origin 
2 28:3 ,Wisdom Origin 
21 7:19 ,Wisdom Value 
21 2:13 ,Wisdom Value 
20 31:16 ,Wisdom Value 
20 23:23 ,Wisdom Value 
20 24:14 ,Wisdom Value 
20 18:4 ,Wisdom Value 
20 8:11 ,Wisdom Value 
20 19:8 ,Wisdom Value 
20 4:7 ,Wisdom Value 
20 3:13 ,Wisdom Value 
20 16:16 ,Wisdom Value 
18 28:27 ,Wisdom Value 
18 28:26 ,Wisdom Value 
18 28:25 ,Wisdom Value 
18 28:24 ,Wisdom Value 
18 28:28 ,Wisdom Value 
18 28:23 ,Wisdom Value 
18 28:22 ,Wisdom Value 
18 28:21 ,Wisdom Value 
18 28:20 ,Wisdom Value 
18 28:19 ,Wisdom Value 
18 28:16 ,Wisdom Value 
18 28:15 ,Wisdom Value 
18 28:14 ,Wisdom Value 
18 28:13 ,Wisdom Value 
18 28:12 ,Wisdom Value 
18 28:18 ,Wisdom Value 
54 3:11 ,Woman's Role 
46 7:10 ,Woman's Role 
17 1:20 ,Woman's Role 
46 7:11 ,Woman's Role 
20 31:31 ,Woman's Role 
20 31:30 ,Woman's Role 
20 31:29 ,Woman's Role 
20 31:28 ,Woman's Role 
20 31:27 ,Woman's Role 
20 31:26 ,Woman's Role 
20 31:25 ,Woman's Role 
20 31:24 ,Woman's Role 
20 31:23 ,Woman's Role 
20 31:22 ,Woman's Role 
20 31:21 ,Woman's Role 
20 31:20 ,Woman's Role 
20 31:19 ,Woman's Role 
20 31:18 ,Woman's Role 
20 31:17 ,Woman's Role 
20 31:15 ,Woman's Role 
20 31:14 ,Woman's Role 
20 31:13 ,Woman's Role 
20 31:12 ,Woman's Role 
20 31:11 ,Woman's Role 
20 31:10 ,Woman's Role 
66 2:20 ,Woman's Role 
60 3:6 ,Woman's Role 
60 3:5 ,Woman's Role 
56 2:5 ,Woman's Role 
56 2:4 ,Woman's Role 
54 2:15 ,Woman's Role 
54 2:14 ,Woman's Role 
54 2:13 ,Woman's Role 
54 2:11 ,Woman's Role 
54 2:12 ,Woman's Role 
51 3:18 ,Woman's Role 
49 5:33 ,Woman's Role 
49 5:23 ,Woman's Role 
49 5:24 ,Woman's Role 
49 5:22 ,Woman's Role 
46 14:35 ,Woman's Role 
46 14:34 ,Woman's Role 
20 27:15 ,Woman's Role 
20 25:24 ,Woman's Role 
20 21:19 ,Woman's Role 
20 21:9 ,Woman's Role 
20 14:1 ,Woman's Role 
1 3:16 ,Woman's Role 
1 2:20 ,Woman's Role 
19 12:7 ,Word of God 
45 15:4 ,Word of God 
19 119:9 ,Word of God 
45 1:16 ,Word of God 
19 119:130 ,Word of God 
60 1:25 ,Word of God 
23 40:8 ,Word of God 
19 119:89 ,Word of God 
19 119:103 ,Word of God 
55 3:16 ,Word of God 
19 119:105 ,Word of God 
19 119:160 ,Word of God 
19 119:140 ,Word of God 
43 6:63 ,Word of God 
40 24:35 ,Word of God 
19 12:6 ,Word of God 
10 22:31 ,Word of God 
43 14:24 ,Word of God 
58 4:12 ,Word of God 
23 55:11 ,Word of God 
43 1:5 ,Word of God 
43 1:4 ,Word of God 
43 1:3 ,Word of God 
43 1:2 ,Word of God 
43 1:1 ,Word of God 
59 3:15 ,Worldly Wisdom 
24 4:22 ,Worldly Wisdom 
23 29:14 ,Worldly Wisdom 
46 3:19 ,Worldly Wisdom 
46 3:18 ,Worldly Wisdom 
46 2:13 ,Worldly Wisdom 
46 2:12 ,Worldly Wisdom 
46 1:20 ,Worldly Wisdom 
45 1:22 ,Worldly Wisdom 
45 1:21 ,Worldly Wisdom 
26 28:17 ,Worldly Wisdom 
26 28:8 ,Worldly Wisdom 
26 28:7 ,Worldly Wisdom 
26 28:6 ,Worldly Wisdom 
26 28:5 ,Worldly Wisdom 
26 28:4 ,Worldly Wisdom 
24 9:23 ,Worldly Wisdom 
24 8:9 ,Worldly Wisdom 
23 5:21 ,Worldly Wisdom 
21 7:23 ,Worldly Wisdom 
20 28:26 ,Worldly Wisdom 
20 24:7 ,Worldly Wisdom 
